﻿<?xml version="1.0" encoding="utf-8" ?>
<addonManifest xmlns:xsd="http://www.w3.org/2001/XMLSchema"
               xmlns:xsi="http://www.w3.org/2001/XMLSchema-instance"
               xmlns="http://schemas.apprenda.com/AddonManifest"
               xsi:schemaLocation="http://schemas.apprenda.com/AddonManifest http://apprenda.com/schemas/platform/5.0/AddonManifest.xsd"
               name="NetApp Volume Addon"
               description="Use this addon to provision NetApp Volumes on your ONTAP filer"
               deploymentNotes="Updated to reflect changes in Amazon SDK, configured to work on .NET 4.5 runtime, and updated for work in Apprenda 5.0."
               developerHelp="contact cdutra@apprenda.com for assistance."
               vendor="Apprenda"
               author="Chris Dutra"
               version="1.1.0"
               provisioningUsername="chris@dutronlabs.com"
               provisioningPassword="cyrixm2r"
               provisioningLocation="">
  <properties>
    <property key="requireDevCredentials" displayName="Require Developer Credentials" description="If set to true, each developer will need to provide their own Amazon credentials, otherwise the default creds will be used to provision RDS instances." value="false"  />
    <property key="aggregateName" displayName="NetApp Aggregate Name" description="The name of the Aggregate Store in the NetApp Filer" value="aggr1" />
    <property key="size" displayName="Default Volume Size" description="Default size of the volume, shown in the format {number}K|M|G|T" value="20M" />
    <property key="server" displayName="Server Address for NetApp Filer" description="IP to the NetApp filer" value="192.168.246.69"/>
    <property key="username" value="root" description="" displayName="Username" />
    <property key="password" value="cyrixm2r" description="" displayName="Password" />
  </properties>
</addonManifest>